{"reward_np": [8.597899883601428, 7.692258426929644, 8.099202170306803, 7.480840451261584, 6.451183021169018, 8.94965451072027, 7.146389590484174, 7.423899200991614, 8.287051526589902, 7.5924901287053626, 5.127791141027028, 7.13450574162066, 5.093366714104886, 6.982724072177456, 4.732005765383857, 7.455389852958546, 8.545687197915123, 9.314141106983246, 9.204287713477747, 8.456083958343816, 5.431610881449298, 7.987135997148069, 5.540107516985053, 9.603193963884845, 8.122231160703638, 5.684601213398198, 7.630886631331942, 7.1522139491501315, 5.048333421598166, 8.622585873195048, 3.200048290683301, 7.371495832004632, 6.780801003428357, 6.1405287874528565, 6.481005190029356, 9.029794324801562, 6.082180392816905, 5.013461699679965, 9.09430476707127, 7.981363068380832, 8.453088627307801, 8.65944478649726, 2.2916479932509737, 6.301003781849911, 8.739796355783165, 9.272087844567608, 8.744106997250498, 8.033901108992207, 6.008045180953771, 9.014313653351314, 8.63686484852387, 4.5648302745422535, 8.617513847792834, 9.08848887872752, 8.050130403124138, 6.982251837503368, 7.05313705736802, 8.32054664334274, 5.873953376271742, 8.790822709637453, 2.050718609247226, 9.207597310093478, 8.571167161803364, 9.426911800547646, 8.124333934309895, 5.268568740541949, 6.743226282179564, 5.5697810754366035, 8.946641214092507, 0.556517019224709, 7.385833260812205, 2.882491397368752, 9.142933363585122, 9.036837132737102, 7.003393119070805, 7.613256638658781, 8.054247036134974, 7.818817408453226, 9.137851861428018, 5.677615324061361, 6.82843748190937, 9.317313616940364, 4.254593444950407, 3.318980083309016, 8.853573342528046, 5.429820778182693, 9.21147592790307, 9.023845610040464, 5.554981446414727, 9.687667978053188, 7.543516223143936, 8.671141681848686, 8.936370328277167, 8.74771175614028, 9.06492161797696, 7.774196301051294, 3.932757839113377, 8.507314251292048, 5.503921509673347, 8.455062592057628], "reward_p": [8.837916157497567, 6.90734181615115, 7.20351830489351, 8.385479958696791, 7.6701580252461365, 8.828888307554504, 7.352565540869421, 7.566186211301592, 7.631152830090623, 7.389288459931194, 5.4792882442311726, 7.60688826414994, 6.732610930124246, 8.127484664057357, 7.427695199722155, 8.074112399279432, 8.494388713829442, 9.076049213286632, 8.813452768577747, 8.567415291643394, 5.629818604096132, 7.6021904799520685, 3.616204714989712, 9.346905954559734, 8.258004751256168, 8.618204781473215, 8.33976443980854, 8.222974651682737, 7.774277541246269, 8.824669274287098, 5.683617499332525, 7.943860632335299, 6.780801003428357, 7.314253070822698, 8.339208501808535, 8.90716947301399, 7.259395699699892, 7.063990046538999, 9.09430476707127, 8.370978531461457, 8.129134867915063, 9.137458541018821, 5.008537276083798, 7.035694776578854, 8.940604963199892, 9.05015541494827, 9.01063815087266, 8.516932056637883, 7.617590638020916, 8.993208766011303, 8.877523376831483, 6.144484745233378, 8.66722309949063, 9.040384721422297, 8.050130403124138, 7.814118438644838, 8.191679095598646, 8.81998891967936, 7.629114120569808, 8.754400420383732, 3.5000851302571427, 9.042544308584848, 8.938450685280126, 9.105532192150187, 8.565166432240181, 6.78126454866909, 7.040893137307933, 7.17677781365386, 8.975642185823348, 3.4682010876899994, 7.850997237905575, 5.997871433768036, 8.971554815498429, 8.911743861067574, 7.1184780052413865, 8.331440507337543, 8.293277263672703, 8.02578122521276, 9.091635827736132, 7.596515869191584, 8.09024876918871, 9.144715978374144, 6.577963527995332, 4.934384421257432, 8.825194881126304, 6.196735183240598, 9.276435350888312, 9.197386919708945, 6.870993731773622, 9.384946042314557, 7.650619829936229, 8.647260721649976, 8.936370328277167, 8.849186183474366, 8.920571840872578, 8.404765084066977, 4.753849722364845, 8.824500769912259, 7.399237114556648, 8.71627615659084], "reward_ora": [8.837916157497567, 8.349120231622742, 8.339353247137636, 8.586313326069549, 7.674899996279327, 8.96430376571248, 7.363838346693556, 7.577803066634175, 8.330391005950249, 7.847713815235913, 5.842256598874868, 7.674067996487025, 7.254619422381254, 8.162487278046477, 7.578719392430951, 8.082199697240593, 8.58265339658116, 9.314141106983246, 9.278866044282795, 8.581179194672407, 6.0880136977416655, 8.51271363708211, 6.1744800196571195, 9.603193963884845, 8.258004751256168, 8.701285204249027, 8.33976443980854, 8.331546272741628, 7.774879095354574, 8.978458244584289, 5.96006473307264, 8.669951418955165, 7.025946320042871, 7.430196504636558, 8.371002365440644, 9.039790625309491, 7.441205261504138, 7.188661677685138, 9.129390689577463, 8.372801202094479, 8.518166384764582, 9.137458541018821, 5.7446605548847876, 7.0682271471719735, 9.115135856324793, 9.323158816984465, 9.032063535516748, 8.528893215418163, 7.7641529519327275, 9.014313653351314, 8.971743806177637, 6.469483624891124, 8.702354448265657, 9.13866128543794, 8.082197153758482, 7.913245580424711, 8.245425950682078, 8.81998891967936, 7.718779739030136, 8.814192919527978, 4.105828494990622, 9.207597310093478, 8.948836701541364, 9.426911800547646, 8.571086462151506, 6.931025158829527, 7.155308313936841, 7.381281426563848, 9.051000761173771, 3.8558856420797034, 7.850997237905575, 6.349501777898421, 9.145346102064604, 9.047092415813678, 7.23151862299507, 8.331440507337543, 8.304435123025483, 8.02578122521276, 9.23066344473732, 7.596515869191584, 8.163580122355635, 9.380394085942486, 6.631464919609676, 5.29903419107863, 8.85497593716876, 6.429175057427155, 9.422818190062461, 9.25367421484554, 7.1082279180088435, 9.706653419072477, 7.809900682938651, 8.671141681848686, 8.944525260197171, 8.919589243589872, 9.06492161797696, 8.407483469519315, 5.148251844187484, 8.927489474665515, 7.49243275149397, 8.759892414755349]}