{"reward_np": [9.287808538896929, 8.51247786784572, 9.034691786164982, 4.4978263526777775, 9.322274504257942, 8.667349688377353, 9.438485966686184, 8.071945010863985, 8.82590219980362, 4.591105099992472, 7.720542557418557, 9.389741164314126, 5.6731902433968004, 8.555417809372909, 9.073725692720775, 7.3969007967195575, 7.468462868959891, 6.404567252106314, 8.251319955687645, 9.419868088511466, 7.0251060495062, 8.323800420995902, 9.101030995177828, 9.56112014725279, 6.340400799614449, 9.031108449893564, 8.699405874638707, 8.579922794895268, 9.299711117684854, 9.404990603345174, 8.098119700232976, 8.822091773745498, 8.562609778084507, 9.199288856936327, 8.109216530795145, 9.058945737977034, 2.3370016996123724, 4.811976697548677, 8.967910087638995, 8.032705288535533, 8.088579062485222, 7.998686238735502, 8.263833686685805, 6.912555547333044, 7.913008338454074, 8.53332525462001, 8.33982778144287, 8.954648861857681, 7.006688609675972, 8.739328470937439, 8.879871018829423, 9.114430825651974, 6.182266761687491, 7.006307643177845, 9.036086882755736, 6.6453228058960745, 7.951180792441352, 9.006865802059417, 5.243562680517851, 9.143893025722896, 9.314741796726908, 8.603248517314668, 8.488637542125549, 9.235160004327462, 4.2073396295612575, 8.921037064349195, 8.40244955826785, 4.011478599115111, 3.81852013742855, 9.517783280569152, 5.085349007583837, 8.905205217478075, 7.045336022507954, 9.437014221537556, 7.067845330998503, 8.117597563530577, 9.32831316934402, 8.556234045961904, 1.652850548160087, 7.823186103074031, 7.272866648440988, 9.118562771232742, 8.716458116112072, 9.311420806273963, 5.559899412948975, 8.974254959791006, 8.295803107524161, 5.064157649585214, 3.4574568460736086, 7.861094439975614, 8.442165136598069, 6.884342120230927, 8.726741270600074, 8.203045422857603, 7.791865494634677, 8.31650481650267, 1.7039395273431441, 8.781180305932814, 5.626842673814634, 7.7517364228026056], "reward_p": [8.657799780769889, 9.230184594535741, 0, 8.160170129769668, 8.528580646482975, 7.686829044643684, 9.161176145667474, 8.179452304687837, 8.862017685242074, 1.355309020786525, 8.10693333073848, 9.354251371400364, 4.24177367419762, 7.770681892464544, 8.870728395612531, 7.3969007967195575, 3.842438748445697, 0, 7.393377875961838, 8.023670071829322, 6.9270125063197545, 8.323800420995902, 9.078952638178292, 7.981924925485222, 6.563651620019298, 8.049479304238346, 8.474605076520264, 6.646839061275066, 8.364735261431806, 9.081168107556916, 8.08280181212156, 8.639556746537814, 8.746043304893831, 9.199288856936327, 7.827218962401824, 9.058945737977034, 4.053018806811628, 8.27414130533986, 9.08057238852503, 8.614408045705206, 8.328333800418532, 8.333391856889559, 9.029995480644445, 6.962945801067994, 8.044342287687744, 8.53332525462001, 9.037179823183422, 9.567514630862068, 7.318170153743217, 8.857654345574723, 8.992394253988772, 9.138573417534936, 7.702943496335375, 7.2611150927232195, 9.065751463285231, 7.0745106833648785, 8.274598888582661, 9.006865802059417, 5.951992005311535, 9.083309211984004, 9.295204618893038, 8.697060287702016, 8.618349985973046, 9.235160004327462, 4.55382043831447, 8.903831849468538, 8.373410674427813, 4.157893438619635, 4.432774257279515, 9.442913611410155, 5.938485237176035, 8.814054984705264, 7.495618665068738, 9.412956234629004, 7.786543896909717, 8.300011334258075, 9.256793857251509, 8.80161323972282, 1.9563975457188076, 8.897686184505723, 7.272866648440988, 9.209357101834287, 8.716458116112072, 9.251396066196774, 5.964306777761656, 9.032553639527045, 8.484003457877511, 5.449118926513312, 4.118202812648011, 7.861094439975614, 8.40566169733131, 6.884342120230927, 8.710149454838856, 8.357642277028592, 8.769815214609924, 8.605954798769774, 1.8987272742362922, 8.781180305932814, 6.118167536453637, 8.043477509289128], "reward_ora": [9.314375753238686, 9.465901276176314, 9.034691786164982, 8.341205294579028, 9.344173643627077, 8.667349688377353, 9.438485966686184, 8.179452304687837, 8.979607253785167, 4.981326043782736, 8.135517214752, 9.389741164314126, 6.196545562376776, 8.694123903269734, 9.322801886171039, 7.826238815332076, 7.8921775024783845, 6.882597240728122, 8.549489324924565, 9.419868088511466, 7.628084027203327, 8.568742298240227, 9.101030995177828, 9.575091996718758, 6.752472639517864, 9.064975669565484, 8.985402976764593, 8.778952798897546, 9.316695873805276, 9.404990603345174, 8.098119700232976, 8.822091773745498, 8.746043304893831, 9.213730081503767, 8.109320930896533, 9.058945737977034, 4.954735813395813, 8.54149893434394, 9.08057238852503, 8.934102638885491, 8.328333800418532, 8.333391856889559, 9.029995480644445, 7.0233510090741165, 8.118126575833253, 8.53332525462001, 9.037179823183422, 9.567514630862068, 7.329984727706402, 8.876033704444227, 8.992394253988772, 9.138573417534936, 7.702943496335375, 7.312664776404316, 9.065751463285231, 7.106358808133502, 8.302008196643074, 9.006865802059417, 6.09190045224869, 9.143893025722896, 9.314741796726908, 8.839289332614168, 8.654149918120615, 9.236097703228825, 4.98025248922491, 8.97175984290401, 8.555685661122322, 4.956337284050377, 4.833092787026032, 9.517783280569152, 6.266666929939967, 8.912311740018152, 7.564427248271096, 9.512909823337676, 8.24859415480673, 8.300011334258075, 9.332813481672748, 8.80161323972282, 2.6020530889999622, 8.897686184505723, 7.316137368250676, 9.209357101834287, 8.724215785340434, 9.311420806273963, 6.295013122352533, 9.032553639527045, 8.502098857027079, 5.66585105763089, 4.503972150654564, 7.88268106934264, 8.456502236046234, 6.930513124757275, 8.726741270600074, 8.357642277028592, 8.769815214609924, 8.605954798769774, 2.363573498202359, 8.781180305932814, 6.391752458045832, 8.145600018577639]}