{"reward_np": [0.3808238380477753, 6.58091132699295, 5.809304024604745, 8.579448074613872, 9.115782728051537, 9.130323296225487, 1.0061083612528274, 9.146784271665885, 9.054483188816821, 8.887832954919533, 8.692475595428855, 9.085257650036974, 7.725939192573404, 0.3577098617546638, 8.250823784479559, 8.977567636416207, 0.3569574705634958, 3.148411305635604, 9.066145393758433, 8.877925035948651, 3.8511989494537286, 8.45090946779441, 8.751472140422305, 4.794463836330388, 8.933681841836187, 8.961999914344046, 8.083060979783337, 6.009353804076449, 8.640973641022839, 7.836328032163044, 8.905877799020613, 7.489912034112586, 4.207626387501536, 7.155565917769431, 1.3533268219199186, 9.121792834734398, 8.394267390010961, 0.015342408121323734, 4.400086516125585, 7.386665559389069, 8.831067738741554, 9.495642423083993, 0.37882175173561233, 1.116349118500543, 8.360373500240954, 9.12472113727203, 9.145221119123837, 8.972009009786, 9.114973829416996, 4.901256452038561, 8.566621846066363, 8.498249784577046, 0.5292438780591184, 9.263498308267263, 1.110512275229091, 2.460545638127189, 8.939737723700764, 8.441029272024439, 5.164104494349523, 8.082666850533537, 9.056402106123254, 3.9482044716708975, 8.68416264271428, 9.26363210268327, 5.337038363362858, 9.209443479111366, 8.933343143110065, 5.211368233307399, 0.4981769515902582, 0.764628616614173, 3.803584743830592, 9.186237539986454, 6.077995606834234, 1.2274022069809691, 9.171486680742241, 8.416096331716236, 8.596423247936093, 9.28514601652521, 7.80288516958672, 8.170641822188134, 5.15528991381669, 9.246964501513013, 7.808977916435026, 9.26435665495761, 8.659888596891255, 9.024183421349893, 7.89957094959594, 8.920800807032073, 9.258933661236659, 8.55958987293111, 8.058847801311222, 8.762679467075218, 8.853130033880428, 9.099793852540964, 9.27884961053315, 7.328220294384387, 2.41131720281587, 9.047426809123792, 6.22841728257212, 5.612597050567234], "reward_p": [1.9066758212051333, 8.749068377864798, 5.741768850378373, 8.4189260687376, 8.961297632294698, 9.031656939676271, 1.0061083612528274, 9.05277145377519, 7.712694903545114, 7.637988576400784, 7.26983902432533, 8.97183111315824, 7.725939192573404, 1.180189518847104, 8.924266241337927, 8.50829254735256, 2.118234960342666, 1.7606168194262732, 8.982270838595634, 9.20344488797115, 6.248972050512595, 8.45090946779441, 8.633779130264166, 6.55598643909169, 9.010895792325277, 8.999640280043234, 8.083060979783337, 6.009353804076449, 8.857346397259535, 7.836328032163044, 8.832126260520901, 7.351651515537734, 6.06508167729633, 7.934205175789619, 2.6381843855642426, 9.081695995902122, 8.434187485446708, 0.10019998313824888, 5.2365488313132325, 7.676093160026489, 8.831067738741554, 9.532832750343072, 0.9902285282357145, 2.570449320880499, 8.360373500240954, 9.236355812969023, 9.007993619031227, 9.00150309418691, 8.954823986760484, 4.901256452038561, 8.566621846066363, 8.471193504422507, 2.2856499817682128, 9.213161634080528, 6.105051745208314, 5.7008422271279775, 8.939737723700764, 8.447680584542452, 7.10374607829896, 8.018215334913846, 9.027585092115409, 5.339271894339118, 8.998005186495806, 9.221486486065158, 5.500398576352831, 9.181809469201836, 8.933343143110065, 8.776948184247976, 4.158175733864512, 0.764628616614173, 4.103076068365526, 9.186237539986454, 6.077995606834234, 1.357968444378212, 9.171486680742241, 8.416096331716236, 8.596423247936093, 9.28514601652521, 7.80288516958672, 8.170641822188134, 7.152782169761536, 9.246964501513013, 7.96158429102083, 9.159154544605219, 8.659888596891255, 8.919960561310157, 8.150397190253013, 8.920800807032073, 9.215846268157946, 8.546864914733845, 8.037713541166147, 8.710368540243996, 8.853130033880428, 9.099793852540964, 9.1626695573445, 7.631751521586734, 2.41131720281587, 9.06231014464919, 6.83905586323561, 7.372002327102844], "reward_ora": [2.268066452173543, 8.844989653198118, 5.967551201391523, 8.687793307890422, 9.17169322619226, 9.194860147593568, 5.806855869862226, 9.305594690198447, 9.166402201987623, 8.895245818088245, 8.692475595428855, 9.105376439649026, 7.725939192573404, 1.642801191573893, 8.926850424012638, 8.977567636416207, 2.335912938800601, 3.743826398044974, 9.084311236188737, 9.425454006215565, 6.895261786613134, 8.45090946779441, 8.765158185381972, 6.813646564793894, 9.015956512090668, 9.060236195817506, 8.083060979783337, 6.241315528250925, 8.858619392835077, 7.860870803832064, 8.917213354928363, 7.489912034112586, 6.18451115600211, 8.042782588280854, 3.524070900335503, 9.203041875643965, 8.434187485446708, 0.14610413240971232, 5.298354999123829, 7.676093160026489, 8.831067738741554, 9.56245368972321, 2.093453682437436, 2.8381384965587775, 8.360373500240954, 9.396881367176272, 9.363156393222605, 9.015621873094897, 9.167011870409148, 5.032966036746258, 8.566621846066363, 8.498249784577046, 2.8151173039253896, 9.458273708996002, 6.2026903741662585, 6.032358999688377, 8.94672170275042, 8.489182833556768, 7.1302912226410875, 8.082666850533537, 9.076737246604536, 7.19516578172149, 9.005176577769168, 9.48429057514549, 5.668382175607459, 9.350261159802336, 8.944580086488033, 8.776948184247976, 4.4195909578618195, 0.9935037700963163, 4.125176157713641, 9.33296086643075, 6.3018271664586685, 1.55255325110539, 9.385136253554144, 8.416096331716236, 8.596423247936093, 9.657805725060213, 7.815029731194242, 8.170641822188134, 7.445128833282615, 9.597954901998593, 7.962831737971295, 9.441191288959411, 8.659888596891255, 9.045566128718756, 8.150397190253013, 8.927019624848247, 9.536143140335327, 8.588506313470791, 8.058847801311222, 8.762679467075218, 8.853378695829647, 9.191724948952416, 9.27884961053315, 7.636412384142709, 2.676946566336142, 9.067655324223303, 6.997064055250837, 7.372002327102844]}