{"reward_np": [8.400267849958858, 8.346352208586351, 9.26669060489351, 7.160148905575897, 7.298808739197533, 9.036084786259238, 4.767241930044264, 5.2862819128409715, 8.47731706311076, 0.783111044105597, 2.8242485252199483, 5.688889915951902, 6.6836766574452895, 6.590744650592736, 9.253827770387193, 8.680685759947158, 6.688328120338928, 8.718986937403013, 0.8080151642567178, 8.466045103017342, 8.61472624992925, 7.423367893678751, 7.457298600360687, 0.24725994284753353, 4.20976079870873, 8.87780695545353, 9.05910127281602, 9.599507493192593, 5.627160410822683, 3.8044131240684256, 7.309314684663541, 5.749934675354546, 7.618601840750559, 8.933634344399042, 7.7953447375808045, 6.863421057342144, 0.03982230785343604, 4.511710177040018, 9.194914080259789, 4.890665584484058, 8.715754791325947, 8.838665559128458, 9.587623807162718, 7.324358582714128, 5.160010103615162, 7.435686252673603, 8.189851699025585, 9.384896312719032, 5.727480164198336, 5.366671126607879, 2.708009997528503, 9.222992099950396, 8.603947963623682, 8.743017655585588, 9.08507616697134, 2.557660598771911, 8.371328763844268, 9.351594849220982, 8.296589061181106, 9.146512896973285, 9.27621844835594, 9.028330079160359, 9.398406604195305, 7.297713994621931, 8.18169141407665, 0.4750873918020243, 9.244202294831315, 3.6784450888852547, 9.37371621032356, 9.175056054477771, 1.7146431576761902, 7.070067521016809, 8.951855250837074, 2.242334063040355, 7.626202403410589, 7.567292319598077, 9.571827811053526, 8.515595889304668, 8.111283876804295, 7.778800791955288, 9.271327860279154, 9.166757925522862, 9.269954603779688, 8.753589657397066, 8.587265181723698, 7.516313871415236, 0.14850499672186596, 8.508423525570777, 8.189040126356456, 2.7751990725765636, 1.4679334052464537, 9.04597374341944, 9.505884753942587, 6.949809641611067, 9.034685404443504, 9.512344112566558, 3.0968055130439076, 9.509940101600494, 9.415756673352144, 6.664808029714246], "reward_p": [8.608136402023279, 8.302854644065066, 9.1475314428265, 2.289827886236449, 7.7053898163536685, 7.306830793788758, 4.524905915840588, 1.4280638961207293, 8.377722424722663, 1.5692095983141217, 1.9349077917162343, 6.790929379401982, 7.848444150568695, 3.531660309608405, 8.855002486787315, 8.708307035977144, 6.324348518933686, 8.718986937403013, 0.9709347653767088, 8.336625359554839, 8.61472624992925, 7.813445719339479, 8.039095345464924, 0.33890938553472844, 4.566457528438665, 8.87780695545353, 9.34400178245217, 9.143171265542477, 5.627160410822683, 5.667510323009478, 8.141524405045276, 4.854649357394628, 7.972918673061084, 9.308968973363738, 8.26881710235588, 7.905673321555079, 0.38159006642281246, 4.139123611601923, 9.194914080259789, 6.078585887901931, 8.800053464398374, 8.696169302805512, 9.524096763573173, 7.62453542983577, 6.605908473240733, 8.050116944253464, 8.38739506539964, 9.40013517633436, 6.863342081674595, 5.366671126607879, 4.544180694213124, 9.160374735570585, 8.57110664090924, 8.748150738271017, 9.049553422741525, 3.712458840491845, 8.53712920810076, 9.266872079314831, 8.296589061181106, 8.930159445243923, 9.22020666152368, 9.044746792232955, 9.16315748546382, 6.327567701802526, 8.63774422313304, 2.7933415137060034, 9.1912927143496, 3.007414713960207, 9.125350493688169, 9.093666749334078, 2.3339030112825374, 7.070067521016809, 8.951855250837074, 4.782657944159319, 8.129386280463361, 7.567292319598077, 9.519974941145119, 8.812718220024784, 8.460513284602662, 8.149430056210438, 9.207202074481426, 9.134351271463393, 9.174894219844534, 8.753589657397066, 8.756977472717178, 7.516313871415236, 0.1240951701677497, 8.685063895701504, 8.416491453033194, 2.730676777980095, 1.023336459436803, 9.04597374341944, 9.261017165374776, 7.99657184200989, 9.105802318506582, 9.158535054335612, 3.8292928674791957, 9.263390554427287, 9.248602044731376, 6.664808029714246], "reward_ora": [8.62383549107557, 8.346352208586351, 9.26669060489351, 7.46234021642826, 8.038637401893753, 9.044638967613196, 6.017648201555793, 6.398948856157669, 8.506399414396327, 1.8690146806421413, 3.656903664745802, 6.931667275353142, 7.931393736466043, 6.758821662422223, 9.286709710456819, 8.708307035977144, 7.627816627496713, 8.870033418943907, 1.6056704583154215, 8.687483948290792, 8.634146715548393, 7.813445719339479, 8.290242900538287, 0.6378751711546332, 5.794610951578819, 8.887473104570157, 9.34400178245217, 9.725525332528486, 5.763243979031324, 5.728085383885695, 8.179456026519361, 5.909654849180117, 8.040970172369198, 9.436902646926889, 8.349652557184754, 8.514927210822782, 0.5006425369160957, 5.716708468440929, 9.402427169774501, 6.080576662797908, 8.800053464398374, 8.843498853377326, 9.587623807162718, 7.800028367657943, 7.602682232172953, 8.13090017534714, 8.38739506539964, 9.40013517633436, 6.887584028881468, 6.871927933971928, 6.154840590664259, 9.309986641764976, 8.621116127388527, 8.748150738271017, 9.114768121062168, 3.9060556683429764, 8.768156188263292, 9.560626486690932, 8.296589061181106, 9.146512896973285, 9.435980257624967, 9.057084083636285, 9.430873018349475, 7.781021260083993, 8.662140068191531, 2.9703049425875876, 9.354292476440797, 4.050547328754015, 9.574880040787995, 9.175056054477771, 2.6144875801886527, 7.072938492290208, 8.951855250837074, 5.7304053371191985, 8.191427671379225, 7.567292319598077, 9.704807513143399, 8.856726549265328, 8.484235867907094, 8.20633833827643, 9.392088963213064, 9.308294507810379, 9.32741967585628, 8.758157091641824, 8.79388464940878, 7.52176874068823, 0.3135804889615287, 8.694584013160032, 8.416491453033194, 2.9417115469519413, 2.156808360519029, 9.099707952774814, 9.579980581196661, 8.09880439371783, 9.1496283588501, 9.535024061124727, 4.136179054896614, 9.579504399135427, 9.435477805119795, 6.79904269366409]}