{"reward_np": [8.619998044947666, 0.5806866151783017, 6.918222229863244, 9.545521904831238, 9.752934868946053, 7.831734943339611, 8.461840021659691, 9.600948071978157, 0.3717400489815247, 1.782542856687148, 4.42812448055607, 8.110153053426275, 3.275894369468342, 9.038325453953224, 9.480566656912343, 9.824434856409379, 6.879283180819315, 6.895254512026634, 9.56602731663949, 4.019381404781392, 9.459689453194711, 9.460095386818438, 8.059627030108073, 8.619100891817622, 9.431322571301969, 4.59743376698845, 9.759293074116899, 9.463174006543726, 9.320659607362927, 8.169983370665426, 0.014658011694415732, 0.6240274550916328, 9.185236758905589, 9.081372907013217, 6.744122931085462, 1.3057697658873557, 9.821372712916789, 9.600913467780826, 6.941773109469577, 7.255319527052316, 9.404657425946803, 7.099699564796099, 9.00664088427896, 6.2986185186541155, 9.610017086340843, 5.188971152401468, 9.218503184084204, 9.551744009121744, 8.179733663811959, 8.914853208991854, 5.842649186825318, 9.477418084860439, 4.987869655586504, 8.960494280188495, 5.379833894398625, 8.984805354699008, 9.375652099731578, 4.551634438627898, 7.494790534013, 8.569142791084206, 9.261375046228277, 9.865973818217174, 9.064787855232566, 9.272423862127678, 7.1231719213556755, 8.665271928748531, 9.59344881331147, 9.243334003670565, 9.733835264336449, 1.5410401143964179, 1.9749391737608244, 5.574825621677917, 8.117407594917644, 9.726764344118834, 8.441543351872586, 0.45385364707806164, 4.348841596794431, 6.139404514108712, 6.175207751108733, 9.63678510017633, 9.105890192120473, 8.551119809582303, 9.282358617036504, 6.96955160147988, 6.181175534262871, 9.21437952748463, 4.605422301913943, 8.180466501920732, 4.999298623290686, 9.302022821520733, 2.6613317392227898, 9.392941213782663, 3.674327178592792, 9.367135629115493, 7.09254481007007, 9.509572852306317, 9.73675235692012, 7.60752047042668, 8.833208011571104, 2.2993048305422255], "reward_p": [8.581962833458116, 0.5962221931314057, 6.970197807974084, 9.81544681733384, 9.752934868946053, 7.174774662265321, 5.889607969905111, 9.600948071978157, 0.3717400489815247, 6.827593482840546, 5.062674378087311, 7.638769675505554, 3.339119472308048, 9.061860422024, 9.363366676360458, 9.631320278281372, 6.853574515746158, 7.0783263478086935, 9.550809149600296, 5.563381015320651, 9.459689453194711, 9.41137454202925, 8.085677790644906, 8.610765698907343, 9.410451841695757, 4.709898475047496, 9.568000099393146, 9.463174006543726, 9.267391414253982, 8.65433097559276, 0.062119281748095445, 1.2291070703581282, 9.234123133479192, 9.066452707215571, 8.434438054021244, 1.4257875534712674, 9.634088044254572, 9.527554289664783, 6.91690429913157, 7.258202025884994, 9.385149068532378, 7.6761443283814845, 9.00664088427896, 8.239387443386892, 9.578444776168965, 7.2560435596922845, 9.218503184084204, 9.551744009121744, 8.264090172481803, 8.927932408217533, 6.28529534604504, 9.423641106692482, 8.68311899983704, 9.012122544780517, 5.612991982517573, 9.000996180936216, 9.375652099731578, 5.892901977977984, 7.492712464637009, 8.621885857816308, 9.277533270074066, 9.628343238772244, 9.148395923048694, 9.256635307951049, 7.900596350949203, 8.841338352903593, 9.560916666276672, 9.259787122041496, 9.623780890370446, 2.385973197405499, 2.856693279973478, 5.574825621677917, 8.331514805874214, 9.609426943630735, 8.509315514477466, 0.4268444299537337, 6.102529841208671, 7.333527191513876, 7.273968143720683, 9.6047433518202, 9.146598019103488, 8.500465428846724, 9.282358617036504, 6.96955160147988, 7.101418468062867, 9.23087523720839, 4.553476346187746, 8.271306328880117, 5.013788845640846, 9.258742708499895, 4.3586397756806345, 9.375723233896652, 3.674327178592792, 9.409794898270134, 7.733707633046276, 9.451965198949482, 9.6228834429604, 7.632026678779248, 9.20076133428192, 3.684475036724763], "reward_ora": [8.64417934691323, 1.2216800520082438, 7.0433478510741, 9.819283965809309, 9.779913543860285, 8.336304070404736, 8.461840021659691, 9.768135808578009, 3.1078290871367362, 7.060214472832637, 5.07814546458658, 8.176235959048778, 4.358225146849784, 9.107411764716268, 9.527153417886494, 9.875480438395426, 6.965888956108009, 7.171934632611186, 9.774319344232635, 6.145709809007948, 9.558144470708427, 9.486656438352929, 8.097965749084, 8.619100891817622, 9.482913022525192, 5.298125495408158, 9.759293074116899, 9.55380558214893, 9.324670181866198, 8.699596443758304, 0.19313580776352146, 2.0951620162840188, 9.239123439206939, 9.081372907013217, 8.434438054021244, 2.3272656362146966, 9.871395695728937, 9.68843966101147, 6.993982946966431, 7.330827892203953, 9.438715040805628, 7.686469442524899, 9.00664088427896, 8.240364883426857, 9.775155111574891, 7.301863500823689, 9.22209770164493, 9.725857904163794, 8.264090172481803, 8.927932408217533, 6.57522950896296, 9.499036965248585, 8.718880723960886, 9.012122544780517, 5.982023026926126, 9.000996180936216, 9.420558697361443, 6.184461778784185, 7.540030032091795, 8.621885857816308, 9.286678612101943, 9.865973818217174, 9.148395923048694, 9.28096311665681, 8.208028558736409, 8.841338352903593, 9.733307987546468, 9.267462610330593, 9.855251785021677, 3.42139865639639, 3.760611995759273, 5.995142576052336, 8.331514805874214, 9.821658045984115, 8.509315514477466, 0.9898018104822426, 6.374037450499925, 7.375699774891422, 7.316563791879189, 9.807870965116145, 9.146598019103488, 8.551119809582303, 9.292131758735694, 7.037992781083188, 7.218853530612491, 9.260719920915456, 5.19016261440794, 8.274286070031179, 5.551159739145278, 9.307120388053628, 5.52934005415558, 9.452940947887823, 4.469825779935032, 9.474945164572262, 7.7457027731615975, 9.541143049041144, 9.857720902189294, 7.645281141300607, 9.202515306349174, 4.499486516086524]}