{"reward_np": [5.885880832462821, 4.233827731143023, 7.766445843912503, 4.424598289051401, 5.522820143397777, 3.644530140977816, 8.271762644913457, 8.999787082929602, 8.637585187350918, 5.296967381501507, 7.9261569403761705, 9.297865197464763, 9.237473666062789, 9.290641873737151, 6.162934470774215, 7.146848819441665, 7.1682016836278954, 9.496733570138812, 4.827745498669813, 8.769543556221882, 8.81457297265908, 8.847337896298, 8.501508185527221, 9.380047155008311, 7.992177644545137, 9.542961398616928, 8.330368756477133, 4.491483870045911, 9.199025787042281, 9.327197518808749, 8.07203253768672, 9.655747192482263, 5.3547422433740275, 6.194691788348636, 8.753049294038878, 2.607384209093187, 7.13301644422746, 4.144330793125548, 3.625936522110993, 4.139446591321398, 1.5740496851133914, 4.33301780470409, 9.437764972766411, 6.235224728650414, 3.7288778140374044, 8.755856767636255, 7.628472606310401, 5.262055149433355, 9.634966154551416, 9.473156150073384, 9.268453178820861, 9.076642854496964, 1.5500586546782822, 8.087011337018739, 9.271318909027638, 9.346070644981523, 4.119588370636699, 9.391653937907764, 4.060623725926792, 9.067225963659876, 7.375443926878163, 7.678562434297236, 5.6772662419285425, 9.181019690315285, 8.564181508737303, 8.029487309712508, 9.136118199811131, 4.566208746365606, 4.258421040536242, 9.503463428319975, 8.731461957975299, 6.709217708354311, 5.7713493471213395, 7.174710429243249, 8.7853435179155, 7.896141861580977, 8.209992827438294, 9.458717998672377, 9.130499568306426, 9.710220602116513, 7.529695176588647, 8.61854058387785, 9.324780204825714, 7.107450299960074, 0.9265855844456552, 9.62318402832704, 9.243319122988607, 9.34542789086219, 8.764725122233628, 8.082481326476339, 6.056503430677564, 9.259929242508635, 3.3042708906284166, 8.449628716278173, 8.733157833949708, 5.41329086196108, 9.507706810827285, 7.843042775051469, 9.244211971338155, 8.662289986993368], "reward_p": [6.99149248144936, 2.5614583749314015, 7.5936698910245966, 4.810575235732793, 1.4344389850061947, 5.234776447332124, 5.801707690904781, 8.331610943358138, 7.78428187613219, 1.7808564551256016, 6.515702399895505, 9.522355419730946, 9.218854329394942, 9.094471848212827, 6.169229663802581, 7.237434326979153, 8.228225459759328, 9.40660146135523, 7.937223640561397, 8.879991971206138, 8.77990677853129, 9.01496924550555, 8.423326849248506, 9.299852098990472, 8.252286425122291, 9.462286271619645, 8.28867753932829, 4.491483870045911, 9.15402923620277, 9.26776810892738, 8.126243368365913, 9.378430893713913, 7.123944473212922, 6.449457178045984, 8.802910242725199, 6.03054073817887, 8.172216912358293, 6.895652465068036, 5.7931784395457155, 4.899960293308743, 3.6604150568603333, 5.153240280353457, 9.328342627275644, 6.625826847953886, 3.711413038960833, 8.816130129128863, 7.997867486970405, 5.754308080255428, 9.371286619743303, 9.37459523432664, 9.264876603431421, 8.996003564907689, 3.566523039596391, 8.088076758496452, 9.351366659620936, 9.351295483479026, 4.552203434170546, 9.319497534450338, 6.078023609332522, 9.006688965954678, 7.888280311868181, 8.424758033464327, 6.234857543461145, 9.220701919731953, 8.484826731716382, 7.872126756010056, 9.09418920994623, 4.652413023681272, 7.7190843895063574, 9.414557297202355, 9.175970272394636, 6.916415261507683, 6.221870723651124, 7.152221805502795, 8.847173308961224, 7.960028781075614, 8.410990147239438, 9.38207778266878, 9.15083682455252, 9.310254888435347, 8.436312203359764, 8.946412564627197, 9.27369795145091, 7.358467726985874, 1.0665648801564462, 9.358358419441956, 9.275859872580353, 9.275851802175612, 8.76177286405121, 8.144826794892227, 5.946863070247974, 9.247478606524856, 4.036555982878519, 8.53905341584004, 8.79544081700404, 5.267953169562007, 9.384758321336907, 7.8716424980019974, 9.264004195617762, 8.756180180418976], "reward_ora": [7.825983726107317, 6.312746742481514, 7.849701225018853, 4.996463148192109, 6.226306618246325, 6.176496105137202, 8.276748212294578, 9.257895119440992, 8.997555685636474, 5.960699443254978, 8.660338709533942, 9.663390120865957, 9.27418872099673, 9.290641873737151, 6.249029989876999, 7.463339195979906, 8.273949540680915, 9.553981984580787, 7.955384643781706, 8.892539378920407, 8.8190917374053, 9.079221758188803, 8.506038055227714, 9.56316904393354, 8.288469862483975, 9.796791048514542, 8.358024638245787, 5.26211716469328, 9.227922821439565, 9.327197518808749, 8.14065984694287, 9.675643857063552, 7.168795027547111, 6.604518916631546, 8.821703803000492, 6.191676590076845, 8.253997513630011, 6.988764437459452, 5.888442634403331, 5.037619608125442, 4.604112273404949, 5.2907496396943605, 9.43872769850896, 6.6360935301988695, 3.9253446240287087, 8.818416213817795, 8.043245827256467, 5.84699741132857, 9.651458066462105, 9.499579314297327, 9.31279768822295, 9.082144675093069, 4.068342219924643, 8.120252381127589, 9.440457125389933, 9.480816438462753, 4.753306752367681, 9.39512605300228, 6.103972155795163, 9.07568241231321, 7.9004124176336585, 8.502391775664096, 6.469870327289158, 9.273606236712958, 8.573028226430834, 8.029487309712508, 9.183318221204992, 4.759705527915049, 8.219675988751899, 9.65508927366993, 9.175970272394636, 7.033312149594948, 6.29475798867777, 7.226084976661263, 8.858106111206009, 7.980270242991863, 8.420402377177526, 9.498913643869033, 9.165542261300798, 9.834114260555243, 8.4625868624093, 8.946412564627197, 9.333215074987347, 7.40318879537377, 1.297585106079841, 9.790894781618862, 9.416412634463441, 9.506204310378905, 8.765275299446035, 8.144826794892227, 6.158912884861983, 9.315296812807214, 4.511839847446515, 8.540160867954219, 8.79544081700404, 5.495319306334043, 9.585201829449824, 7.878549369572194, 9.309805106638759, 8.763337533119586]}