{"reward_np": [6.882432004391423, 7.327774176726811, 0.19200400314031657, 6.464140359136401, 9.07478888567153, 8.890781613552859, 9.039470285659444, 7.263414534389938, 7.81207518697372, 5.648006553402835, 8.469484504793344, 6.789317893857885, 4.260476966032206, 7.362309279443328, 6.039258836371111, 8.981796573400043, 7.197066218000303, 6.228927117273984, 8.8815676480063, 4.708345366185618, 9.434368193439568, 8.290034506831045, 4.297924238656658, 8.753404386607855, 2.1957781394451494, 8.347189931882294, 8.42303086519038, 9.605229795686228, 6.9510569833397655, 8.536503414894076, 8.136771087409892, 7.208780150901096, 9.576883845737923, 3.2774168688337455, 5.739519440422314, 6.3191278642374185, 8.285533062014032, 8.290754177242633, 3.618385417640476, 3.6794635045822632, 4.58202748668694, 7.897156655211517, 8.556975710736435, 9.136801330413526, 0.6679752662295698, 8.15806659113372, 6.302808922015017, 8.905399033197932, 2.778922171741812, 5.304734803431625, 6.140105936495058, 9.0131467112375, 2.8475539813079433, 9.69224170483114, 9.314548149823883, 9.074318897404925, 5.559743127201377, 9.01706215205366, 0.9540461844460701, 8.847974595814028, 3.392882254473658, 9.107560918857832, 6.210705732891589, 8.283290353994957, 7.381725705728989, 7.939842951069569, 2.347236431250187, 2.7952417483909717, 7.81432200198682, 6.575734703419055, 7.29185637834491, 7.642950277960318, 9.005574476257753, 2.750732760995949, 9.217323478462227, 5.591565186603317, 7.07937993718696, 6.4311772528516755, 2.9567789602642662, 9.214373155348266, 9.26840101499253, 8.465974967742017, 8.591931698787219, 9.138746091726011, 8.965444753326588, 9.155837932885524, 4.921008288202621, 7.5527524132587915, 8.845684329489686, 8.427737108464106, 8.227094424961926, 8.664617492410699, 6.099182933149674, 9.28036541603582, 6.917292107556105, 9.287770614833834, 8.685665962896229, 9.34033427795255, 9.754571327023529, 1.956593496007925], "reward_p": [7.973829829225704, 7.430364770860759, 0.8047258085865729, 6.739970936642912, 9.205221571954164, 8.812046407648431, 8.003034969707, 7.5295107646127715, 4.924728084333876, 7.192895357333625, 8.560565408160924, 6.440706226202665, 4.24988385580492, 7.511090695431552, 6.039258836371111, 8.956782034198593, 7.1840837434433436, 6.341973769781606, 8.870027567884152, 4.566653066544574, 9.1365553056708, 8.3063295282159, 5.413803521186041, 8.739464912053537, 2.154129281756769, 8.574757212657302, 8.707730117542399, 9.389910363085528, 6.981322768300487, 8.709434933917692, 8.039321846304503, 7.528363279319855, 9.396977646952642, 2.520432051568641, 5.625376834595595, 6.295852698915556, 8.32967559097274, 8.175136720122813, 5.606874143100549, 3.7060728356540604, 7.469008882807882, 7.82472291798717, 8.559836712871096, 8.937767636740274, 0.8225592524769401, 8.42822493245468, 6.302808922015017, 8.905399033197932, 6.129517258330706, 5.18911157194281, 6.179272483945898, 8.84369024966302, 2.8475539813079433, 9.399536672993188, 9.19812825564373, 9.05283554523736, 6.70849635074558, 8.99188372514299, 1.0952174797606682, 9.089397932257866, 3.74120122376118, 8.920740972856406, 6.282855943229443, 8.652379942492574, 7.973522270131916, 8.49841121304846, 2.3894415075681885, 2.7952417483909717, 7.914999136251014, 8.526332935090066, 7.308464596020647, 7.539505574386061, 8.983942518760157, 2.6684123595788103, 9.131942457151357, 5.474997195658825, 7.103849675295571, 6.4311772528516755, 3.1550978626170414, 9.096061240328538, 9.198303848085953, 8.465974967742017, 8.643477168596153, 9.087797361473385, 8.965444753326588, 9.106541865954421, 4.847283735153188, 7.506362912210243, 8.947536414426343, 8.658463478572825, 8.338664201607143, 8.906236151601234, 6.163155595080798, 9.094387678418606, 8.668022455744277, 9.242180445738112, 8.685665962896229, 9.050427514171439, 9.334945507098132, 1.7663377687662694], "reward_ora": [7.973829829225704, 7.444826151896731, 1.0624749630463202, 6.779010380734425, 9.351970719863061, 8.890781613552859, 9.039848216505945, 7.5295107646127715, 7.873438706335773, 7.236539870722671, 8.560565408160924, 6.871341407556604, 4.337322566002847, 7.581219603455884, 6.171806420820028, 8.981796573400043, 7.215931575649569, 6.531442303127911, 8.8815676480063, 5.282941369744215, 9.434368193439568, 8.3063295282159, 5.4542960363747035, 8.753404386607855, 2.230882584573872, 8.574757212657302, 8.784075683315708, 9.635454551965706, 6.990157957659495, 8.709434933917692, 8.136771087409892, 8.138924006943963, 9.805854256239881, 3.4163340328674225, 5.810332573382796, 6.339530397273613, 8.342105392220432, 8.314884524153026, 5.732065312340093, 3.7060728356540604, 7.469008882807882, 7.897156655211517, 8.676627641177554, 9.136801330413526, 2.064918234603229, 8.450212625916542, 6.506971625466524, 8.956265919620042, 6.271428712098517, 5.304734803431625, 6.208781685949309, 9.09088142371801, 3.0048855006863855, 9.776992564878132, 9.314548149823883, 9.123205290739985, 7.1220165353959235, 9.01706215205366, 1.193607588530103, 9.152314139973884, 3.831851120597441, 9.189482221114929, 6.409637356526353, 8.73720294405629, 7.973522270131916, 8.546574964947181, 2.61481050857284, 2.7952417483909717, 7.914999136251014, 8.526332935090066, 7.308464596020647, 7.6677481844907005, 9.029738630816972, 2.835241933042808, 9.32312080265221, 5.658433314871115, 7.103849675295571, 6.483253701788863, 3.1550978626170414, 9.370628678302838, 9.325609428565688, 8.465974967742017, 8.685654648089155, 9.161950788839015, 8.965444753326588, 9.200350672178292, 5.051436341602391, 7.563305453631848, 8.999834670759334, 8.775084071477128, 8.338664201607143, 8.906236151601234, 6.310007036222537, 9.28036541603582, 8.692711941681843, 9.462089885440008, 8.685665962896229, 9.34033427795255, 9.754571327023529, 2.2053647807646986]}